rofen@aol.com, 13,   Mariam Taguhi
mm_abc123@gmail.com, 14,   Mariana Miguela
hello_789@gmail.com, 15,   Anahit Ari
yewande_1965@yahoo.com, 16,   Yewande Sakura
eve8911@gmail.com, 17,   Jeanette Lea
abc@yaho.com, 18,   Jennifer Olson
janetlitus@gmail.com, 19,   Janet Litus
nadryl477@aol.com, 20,   Julie Georgia
sinta_bethari@gmail.com, 21,   Bethari Sinta
19544_vp@gmail.com, 24,   Victoria Piedad
naoko_8811@gmail.com, 26,   Jun Naoko
aleid_7878@gmail.com, 28,   Sofie Aleid
pd_rada@gmail.com, 29,   Vladislava Rada
4411catherineperez@yahoo.com, 31,   Catherine Perez 
celestyna@yahoo.com, 33,   Sara Celestyna
ahavna@yahoo.com, 35,   Arti Bhavna
fajr_1998@gmail.com, 38,   Fajr Sanya
1988_vasilica@yahoo.com, 41,   Alina Vasilica
78Georgina@gmail.com, 44,   Elli Georgina
helena8769@gmail.com, 45,   Helena Ingrid
1987tec@gmail.com, 47,   Tanja Stina
ursula@gmail.com, 49,   Ursula Anna
ifiok@aol.com, 56,   Olamide Ifiok
998_Ecat@gmail.com, 57,   Nicole Ecaterina
amber47romero1998@gmail.com, 59,   Amber Romero
spirin@gmail.com, 63,   Lusineh Lucine
sp_gurgen@yahoo.com, 68,   Kohar Gurgen
stefanie@aol.com, 73,   Stefanie Claudia
