sp_gurgen@yahoo.com, 68,   Kohar Gurgen
spirin@gmail.com, 63,   Lusineh Lucine
1987tec@gmail.com, 47,   Tanja Stina
helena8769@gmail.com, 45,   Helena Ingrid
stefanie@aol.com, 73,   Stefanie Claudia
1988_vasilica@yahoo.com, 41,   Alina Vasilica
998_Ecat@gmail.com, 57,   Nicole Ecaterina
ursula@gmail.com, 49,   Ursula Anna
jeonghui@yahoo.com, 63,   Jeong-Hui Seong
78Georgina@gmail.com, 44,   Elli Georgina
fajr_1998@gmail.com, 38,   Fajr Sanya
ifiok@aol.com, 56,   Olamide Ifiok
amber47romero1998@gmail.com, 59,   Amber Romero
